Name,Stat,Line,season_pct_over,L10_pct_over,L2W_pct_over,season_pct_under,L10_pct_under,L2W_pct_under
Nikola Vucevic,PTS,18.5,44.7,60.0,62.5,55.3,40.0,37.5
Nikola Vucevic,REB,12.0,39.5,20.0,12.5,48.7,50.0,62.5
Nikola Vucevic,PTS+REBS+ASTS,34.0,42.1,60.0,50.0,53.9,40.0,50.0
Nikola Vucevic,FANTASY,39.5,48.7,50.0,50.0,51.3,50.0,50.0
Nikola Vucevic,FG3M,1.5,47.4,40.0,37.5,52.6,60.0,62.5
Nikola Vucevic,FTM,1.5,44.7,40.0,37.5,55.3,60.0,62.5
Patrick Beverley,PTS,6.5,38.7,40.0,37.5,61.3,60.0,62.5
Patrick Beverley,REB,4.0,32.3,50.0,37.5,50.0,30.0,37.5
Patrick Beverley,PTS+REBS+ASTS,13.5,37.1,50.0,37.5,62.9,50.0,62.5
Zach LaVine,PTS,26.5,37.5,40.0,37.5,62.5,60.0,62.5
Zach LaVine,REB,4.0,48.6,30.0,12.5,34.7,40.0,50.0
Zach LaVine,AST,4.0,44.4,70.0,62.5,36.1,10.0,12.5
Zach LaVine,PTS+REBS+ASTS,34.5,45.8,60.0,50.0,54.2,40.0,50.0
Zach LaVine,FANTASY,38.5,43.1,40.0,37.5,55.6,60.0,62.5
Zach LaVine,FG3M,2.5,48.6,40.0,37.5,51.4,60.0,62.5
Zach LaVine,FTM,4.5,43.1,50.0,37.5,56.9,50.0,62.5
DeMar DeRozan,PTS,22.5,58.0,50.0,42.9,42.0,50.0,57.1
DeMar DeRozan,REB,5.0,33.3,50.0,42.9,50.7,30.0,28.6
DeMar DeRozan,AST,5.0,42.0,40.0,42.9,37.7,40.0,42.9
DeMar DeRozan,PTS+REBS+ASTS,32.5,60.9,70.0,71.4,39.1,30.0,28.6
DeMar DeRozan,FANTASY,38.5,59.4,90.0,85.7,39.1,10.0,14.3
DeMar DeRozan,FTM,5.0,50.7,30.0,14.3,33.3,50.0,71.4
Joel Embiid,PTS,33.5,46.8,60.0,42.9,53.2,40.0,57.1
Joel Embiid,REB,10.0,45.2,30.0,28.6,41.9,60.0,57.1
Joel Embiid,AST,3.5,56.5,70.0,71.4,43.5,30.0,28.6
Joel Embiid,PTS+REBS+ASTS,47.5,50.0,50.0,42.9,50.0,50.0,57.1
Joel Embiid,FANTASY,55.5,51.6,60.0,42.9,48.4,40.0,57.1
Joel Embiid,PTS+REBS,44.0,45.2,50.0,42.9,54.8,50.0,57.1
Joel Embiid,PTS+ASTS,37.5,50.0,70.0,57.1,50.0,30.0,42.9
Joel Embiid,REBS+ASTS,14.5,51.6,40.0,42.9,48.4,60.0,57.1
Joel Embiid,BLK+STL,2.5,50.0,60.0,42.9,50.0,40.0,57.1
Pascal Siakam,PTS,21.5,63.6,50.0,66.7,36.4,50.0,33.3
Pascal Siakam,REB,7.5,54.5,70.0,83.3,45.5,30.0,16.7
Pascal Siakam,AST,5.0,56.1,50.0,66.7,25.8,30.0,16.7
Pascal Siakam,PTS+REBS+ASTS,34.5,63.6,50.0,66.7,36.4,50.0,33.3
Pascal Siakam,FANTASY,38.5,63.6,60.0,83.3,36.4,40.0,16.7
Pascal Siakam,PTS+REBS,29.5,62.1,60.0,83.3,37.9,40.0,16.7
Pascal Siakam,PTS+ASTS,26.5,63.6,50.0,66.7,36.4,50.0,33.3
Pascal Siakam,REBS+ASTS,12.5,60.6,70.0,100.0,39.4,30.0,0.0
Pascal Siakam,FTM,4.5,53.0,30.0,50.0,47.0,70.0,50.0
James Harden,PTS,20.5,50.0,40.0,0.0,50.0,60.0,100.0
James Harden,REB,6.0,50.0,60.0,66.7,35.2,30.0,33.3
James Harden,AST,10.5,53.7,60.0,66.7,46.3,40.0,33.3
James Harden,PTS+REBS+ASTS,37.5,55.6,40.0,0.0,44.4,60.0,100.0
James Harden,FANTASY,45.5,55.6,40.0,33.3,44.4,60.0,66.7
James Harden,FG3M,2.5,59.3,50.0,0.0,40.7,50.0,100.0
James Harden,PTS+REBS,26.5,57.4,50.0,0.0,42.6,50.0,100.0
James Harden,PTS+ASTS,30.5,59.3,50.0,0.0,40.7,50.0,100.0
James Harden,REBS+ASTS,16.5,53.7,70.0,66.7,46.3,30.0,33.3
James Harden,BLK+STL,1.5,55.6,40.0,100.0,44.4,60.0,0.0
James Harden,TOV,3.5,40.7,30.0,33.3,59.3,70.0,66.7
Fred VanVleet,PTS,18.5,50.0,60.0,66.7,50.0,40.0,33.3
Fred VanVleet,REB,3.5,57.8,50.0,33.3,42.2,50.0,66.7
Fred VanVleet,AST,7.0,40.6,40.0,33.3,40.6,30.0,33.3
Fred VanVleet,PTS+REBS+ASTS,30.5,48.4,50.0,66.7,51.6,50.0,33.3
Fred VanVleet,FANTASY,38.5,54.7,70.0,66.7,45.3,30.0,33.3
Fred VanVleet,PTS+REBS,22.5,50.0,60.0,66.7,50.0,40.0,33.3
Fred VanVleet,PTS+ASTS,26.5,48.4,50.0,66.7,51.6,50.0,33.3
Fred VanVleet,REBS+ASTS,10.5,57.8,60.0,50.0,42.2,40.0,50.0
Fred VanVleet,FTM,2.5,51.6,40.0,66.7,48.4,60.0,33.3
Scottie Barnes,PTS,15.5,49.3,50.0,25.0,50.7,50.0,75.0
Scottie Barnes,REB,6.0,52.1,50.0,25.0,33.8,50.0,75.0
Scottie Barnes,AST,4.0,50.7,60.0,50.0,26.8,30.0,50.0
Scottie Barnes,PTS+REBS+ASTS,25.5,56.3,50.0,25.0,43.7,50.0,75.0
Scottie Barnes,FANTASY,30.5,63.4,60.0,50.0,36.6,40.0,50.0
Scottie Barnes,PTS+REBS,21.5,54.9,50.0,25.0,45.1,50.0,75.0
Scottie Barnes,PTS+ASTS,19.5,53.5,50.0,25.0,46.5,50.0,75.0
Scottie Barnes,REBS+ASTS,10.5,60.6,60.0,50.0,39.4,40.0,50.0
Scottie Barnes,FTM,2.5,39.4,50.0,50.0,60.6,50.0,50.0
Scottie Barnes,BLK+STL,1.5,53.5,40.0,50.0,46.5,60.0,50.0
OG Anunoby,PTS,15.5,50.0,80.0,66.7,50.0,20.0,33.3
OG Anunoby,REB,4.0,54.8,20.0,33.3,33.9,60.0,50.0
OG Anunoby,PTS+REBS+ASTS,21.5,62.9,70.0,66.7,37.1,30.0,33.3
OG Anunoby,FANTASY,26.5,72.6,80.0,66.7,27.4,20.0,33.3
OG Anunoby,PTS+REBS,19.5,61.3,80.0,66.7,38.7,20.0,33.3
OG Anunoby,PTS+ASTS,16.5,54.8,80.0,66.7,45.2,20.0,33.3
OG Anunoby,TOV,1.5,58.1,50.0,33.3,41.9,50.0,66.7
Jakob Poeltl,PTS,12.0,48.5,50.0,50.0,42.4,30.0,33.3
Jakob Poeltl,REB,8.5,56.1,80.0,66.7,43.9,20.0,33.3
Jakob Poeltl,PTS+REBS+ASTS,23.5,50.0,70.0,66.7,50.0,30.0,33.3
Jakob Poeltl,FANTASY,27.5,66.7,80.0,83.3,31.8,20.0,16.7
Jakob Poeltl,PTS+REBS,20.5,54.5,70.0,66.7,45.5,30.0,33.3
Jakob Poeltl,PTS+ASTS,14.5,54.5,60.0,50.0,45.5,40.0,50.0
Jakob Poeltl,FTM,1.5,48.5,40.0,33.3,51.5,60.0,66.7
Paolo Banchero,PTS,20.5,44.9,50.0,50.0,55.1,50.0,50.0
Paolo Banchero,REB,7.0,40.6,60.0,50.0,56.5,40.0,50.0
Paolo Banchero,PTS+REBS+ASTS,31.5,39.1,50.0,33.3,60.9,50.0,66.7
Paolo Banchero,FANTASY,35.5,47.8,50.0,50.0,52.2,50.0,50.0
Paolo Banchero,PTS+REBS,27.5,42.0,30.0,16.7,58.0,70.0,83.3
Paolo Banchero,PTS+ASTS,24.5,53.6,60.0,50.0,46.4,40.0,50.0
Paolo Banchero,REBS+ASTS,11.0,40.6,50.0,66.7,53.6,40.0,33.3
Paolo Banchero,FTM,4.5,58.0,40.0,33.3,42.0,60.0,66.7
Wendell Carter Jr.,PTS,15.5,45.3,70.0,66.7,54.7,30.0,33.3
Wendell Carter Jr.,REB,9.0,41.5,40.0,33.3,43.4,40.0,50.0
Wendell Carter Jr.,PTS+REBS+ASTS,27.0,37.7,30.0,16.7,54.7,60.0,66.7
Wendell Carter Jr.,FANTASY,31.0,47.2,50.0,50.0,52.8,50.0,50.0
Wendell Carter Jr.,PTS+REBS,25.5,35.8,40.0,33.3,64.2,60.0,66.7
Wendell Carter Jr.,PTS+ASTS,17.5,49.1,50.0,33.3,50.9,50.0,66.7
Franz Wagner,PTS,17.5,64.0,60.0,83.3,36.0,40.0,16.7
Franz Wagner,REB,4.0,42.7,40.0,33.3,45.3,40.0,33.3
Franz Wagner,AST,3.5,45.3,70.0,83.3,54.7,30.0,16.7
Franz Wagner,PTS+REBS+ASTS,25.5,58.7,80.0,83.3,41.3,20.0,16.7
Franz Wagner,FANTASY,29.5,53.3,70.0,100.0,45.3,30.0,0.0
Franz Wagner,FG3M,1.5,48.0,40.0,50.0,52.0,60.0,50.0
Franz Wagner,PTS+REBS,22.5,60.0,80.0,83.3,40.0,20.0,16.7
Franz Wagner,PTS+ASTS,21.5,54.7,80.0,100.0,45.3,20.0,0.0
Markelle Fultz,PTS,14.5,45.5,40.0,33.3,54.5,60.0,66.7
Markelle Fultz,AST,5.5,47.3,70.0,50.0,52.7,30.0,50.0
Markelle Fultz,PTS+REBS+ASTS,24.5,36.4,60.0,66.7,63.6,40.0,33.3
Markelle Fultz,FANTASY,31.0,45.5,60.0,50.0,54.5,40.0,50.0
Markelle Fultz,PTS+REBS,18.5,43.6,40.0,33.3,56.4,60.0,66.7
Markelle Fultz,PTS+ASTS,20.5,41.8,50.0,50.0,58.2,50.0,50.0
Markelle Fultz,FTM,1.5,58.2,50.0,33.3,41.8,50.0,66.7
Gary Harris,PTS,7.5,53.3,60.0,66.7,46.7,40.0,33.3
Cole Anthony,PTS,13.5,50.0,80.0,83.3,50.0,20.0,16.7
Cole Anthony,REB,5.0,32.1,50.0,66.7,48.2,10.0,0.0
Cole Anthony,AST,3.0,58.9,30.0,33.3,25.0,30.0,33.3
Cole Anthony,PTS+REBS+ASTS,22.5,48.2,80.0,83.3,51.8,20.0,16.7
Cole Anthony,PTS+REBS,18.5,48.2,80.0,83.3,51.8,20.0,16.7
Cole Anthony,PTS+ASTS,17.5,50.0,80.0,83.3,50.0,20.0,16.7
Cole Anthony,FTM,2.5,42.9,50.0,50.0,57.1,50.0,50.0
Cole Anthony,TOV,1.5,48.2,40.0,33.3,51.8,60.0,66.7
Jalen Suggs,PTS,9.5,48.9,60.0,50.0,51.1,40.0,50.0
Jalen Suggs,REB,3.5,40.4,50.0,0.0,59.6,50.0,100.0
Jalen Suggs,PTS+REBS+ASTS,14.5,51.1,50.0,50.0,48.9,50.0,50.0
Jalen Suggs,PTS+REBS,12.5,48.9,60.0,50.0,51.1,40.0,50.0
Jalen Suggs,PTS+ASTS,11.5,55.3,60.0,50.0,44.7,40.0,50.0
Talen Horton-Tucker,PTS,18.5,12.9,40.0,28.6,87.1,60.0,71.4
Talen Horton-Tucker,REB,4.5,29.0,60.0,57.1,71.0,40.0,42.9
Talen Horton-Tucker,AST,5.0,24.2,60.0,42.9,66.1,20.0,28.6
Talen Horton-Tucker,PTS+REBS+ASTS,28.5,14.5,50.0,42.9,85.5,50.0,57.1
Talen Horton-Tucker,FANTASY,30.5,24.2,50.0,42.9,75.8,50.0,57.1
Talen Horton-Tucker,FG3M,1.5,22.6,40.0,28.6,77.4,60.0,71.4
Talen Horton-Tucker,PTS+REBS,23.5,14.5,50.0,42.9,85.5,50.0,57.1
Talen Horton-Tucker,PTS+ASTS,23.5,11.3,50.0,42.9,88.7,50.0,57.1
Talen Horton-Tucker,REBS+ASTS,9.5,25.8,70.0,71.4,74.2,30.0,28.6
Ochai Agbaji,PTS,12.5,18.9,50.0,42.9,81.1,50.0,57.1
Ochai Agbaji,REB,2.5,37.7,60.0,57.1,62.3,40.0,42.9
Ochai Agbaji,PTS+REBS+ASTS,16.5,18.9,40.0,42.9,81.1,60.0,57.1
Ochai Agbaji,FANTASY,20.5,20.8,50.0,57.1,79.2,50.0,42.9
Ochai Agbaji,PTS+REBS,15.5,18.9,50.0,42.9,81.1,50.0,57.1
Ochai Agbaji,PTS+ASTS,13.5,20.8,50.0,42.9,79.2,50.0,57.1
Walker Kessler,PTS,12.5,22.2,40.0,28.6,77.8,60.0,71.4
Walker Kessler,REB,10.5,29.2,30.0,28.6,70.8,70.0,71.4
Walker Kessler,PTS+REBS+ASTS,24.5,25.0,50.0,42.9,75.0,50.0,57.1
Walker Kessler,FANTASY,33.5,34.7,60.0,57.1,65.3,40.0,42.9
Walker Kessler,PTS+REBS,23.0,25.0,40.0,42.9,73.6,50.0,57.1
Walker Kessler,PTS+ASTS,13.5,19.4,40.0,28.6,80.6,60.0,71.4
Walker Kessler,REBS+ASTS,12.0,25.0,50.0,42.9,69.4,50.0,57.1
Kris Dunn,PTS,12.5,31.2,30.0,42.9,68.8,70.0,57.1
Kris Dunn,AST,5.0,37.5,40.0,42.9,31.2,20.0,14.3
Kris Dunn,PTS+REBS+ASTS,21.5,56.2,50.0,42.9,43.8,50.0,57.1
Kris Dunn,FANTASY,26.5,50.0,40.0,42.9,50.0,60.0,57.1
Kris Dunn,FG3M,0.5,56.2,40.0,57.1,43.8,60.0,42.9
Kris Dunn,PTS+REBS,16.5,50.0,40.0,42.9,50.0,60.0,57.1
Kris Dunn,PTS+ASTS,17.5,31.2,30.0,42.9,68.8,70.0,57.1
Kris Dunn,REBS+ASTS,9.0,37.5,30.0,14.3,43.8,40.0,42.9
Donovan Mitchell,PTS,28.5,49.2,50.0,60.0,50.8,50.0,40.0
Donovan Mitchell,REB,5.0,20.0,40.0,40.0,60.0,30.0,0.0
Donovan Mitchell,AST,4.0,46.2,10.0,20.0,40.0,60.0,80.0
Donovan Mitchell,PTS+REBS+ASTS,37.5,46.2,50.0,60.0,53.8,50.0,40.0
Donovan Mitchell,FANTASY,43.5,41.5,30.0,20.0,58.5,70.0,80.0
Donovan Mitchell,PTS+REBS,33.5,43.1,50.0,60.0,56.9,50.0,40.0
Donovan Mitchell,PTS+ASTS,32.5,46.2,40.0,40.0,53.8,60.0,60.0
Donovan Mitchell,FTM,4.5,47.7,50.0,80.0,52.3,50.0,20.0
Jalen Brunson,PTS,24.5,43.9,30.0,25.0,56.1,70.0,75.0
Jalen Brunson,REB,3.5,43.9,40.0,25.0,56.1,60.0,75.0
Jalen Brunson,AST,6.0,40.9,30.0,25.0,45.5,50.0,50.0
Jalen Brunson,PTS+REBS+ASTS,34.5,45.5,40.0,50.0,54.5,60.0,50.0
Jalen Brunson,FANTASY,39.5,43.9,30.0,25.0,56.1,70.0,75.0
Jalen Brunson,PTS+REBS,28.5,39.4,20.0,25.0,60.6,80.0,75.0
Jalen Brunson,PTS+ASTS,31.5,39.4,30.0,25.0,60.6,70.0,75.0
Jalen Brunson,REBS+ASTS,9.5,45.5,50.0,50.0,54.5,50.0,50.0
Jalen Brunson,FTM,4.5,47.0,20.0,0.0,53.0,80.0,100.0
Darius Garland,PTS,22.5,37.9,40.0,40.0,62.1,60.0,60.0
Darius Garland,AST,7.0,53.0,40.0,60.0,33.3,40.0,40.0
Darius Garland,PTS+REBS+ASTS,33.5,40.9,40.0,40.0,59.1,60.0,60.0
Darius Garland,FANTASY,37.5,45.5,40.0,20.0,54.5,60.0,80.0
Darius Garland,PTS+REBS,25.5,37.9,30.0,40.0,62.1,70.0,60.0
Darius Garland,PTS+ASTS,30.5,37.9,40.0,40.0,62.1,60.0,60.0
Darius Garland,REBS+ASTS,10.5,48.5,40.0,40.0,51.5,60.0,60.0
Darius Garland,FTM,3.0,53.0,40.0,40.0,31.8,30.0,40.0
Darius Garland,TOV,2.5,51.5,70.0,60.0,48.5,30.0,40.0
RJ Barrett,PTS,20.5,42.9,50.0,33.3,57.1,50.0,66.7
RJ Barrett,REB,5.0,40.0,20.0,16.7,42.9,50.0,66.7
RJ Barrett,FANTASY,29.5,48.6,50.0,33.3,51.4,50.0,66.7
RJ Barrett,FG3M,1.5,51.4,30.0,50.0,48.6,70.0,50.0
RJ Barrett,PTS+REBS,25.5,47.1,40.0,16.7,52.9,60.0,83.3
RJ Barrett,PTS+ASTS,22.5,50.0,50.0,50.0,50.0,50.0,50.0
RJ Barrett,REBS+ASTS,7.5,51.4,30.0,33.3,48.6,70.0,66.7
RJ Barrett,FTM,4.5,44.3,60.0,50.0,55.7,40.0,50.0
RJ Barrett,TOV,2.5,41.4,50.0,66.7,58.6,50.0,33.3
Evan Mobley,PTS,17.0,38.7,60.0,80.0,50.7,30.0,0.0
Evan Mobley,REB,9.5,33.3,30.0,40.0,66.7,70.0,60.0
Evan Mobley,PTS+REBS+ASTS,29.5,41.3,70.0,80.0,58.7,30.0,20.0
Evan Mobley,FANTASY,36.5,45.3,70.0,80.0,54.7,30.0,20.0
Evan Mobley,PTS+REBS,26.5,40.0,50.0,60.0,60.0,50.0,40.0
Evan Mobley,PTS+ASTS,20.5,44.0,70.0,80.0,56.0,30.0,20.0
Evan Mobley,REBS+ASTS,12.5,38.7,30.0,40.0,61.3,70.0,60.0
Evan Mobley,FTM,3.0,30.7,50.0,40.0,49.3,20.0,40.0
Quentin Grimes,PTS,12.0,30.3,50.0,66.7,65.2,50.0,33.3
Quentin Grimes,REB,3.5,45.5,40.0,50.0,54.5,60.0,50.0
Quentin Grimes,FANTASY,21.5,36.4,50.0,66.7,62.1,50.0,33.3
Quentin Grimes,FG3M,2.5,31.8,60.0,83.3,68.2,40.0,16.7
Quentin Grimes,PTS+REBS,15.5,36.4,50.0,66.7,63.6,50.0,33.3
Quentin Grimes,PTS+ASTS,14.5,34.8,50.0,66.7,65.2,50.0,33.3
Quentin Grimes,FTM,0.5,47.0,50.0,33.3,53.0,50.0,66.7
Caris LeVert,PTS,13.5,32.4,60.0,40.0,67.6,40.0,60.0
Caris LeVert,REB,4.0,33.8,10.0,0.0,43.7,60.0,60.0
Caris LeVert,PTS+REBS+ASTS,21.5,38.0,50.0,40.0,62.0,50.0,60.0
Caris LeVert,FANTASY,27.5,38.0,50.0,40.0,60.6,50.0,60.0
Caris LeVert,PTS+REBS,17.5,36.6,50.0,40.0,63.4,50.0,60.0
Caris LeVert,PTS+ASTS,17.5,38.0,60.0,40.0,62.0,40.0,60.0
Caris LeVert,REBS+ASTS,8.5,38.0,20.0,0.0,62.0,80.0,100.0
Caris LeVert,FTM,1.5,53.5,60.0,60.0,46.5,40.0,40.0
Caris LeVert,BLK+STL,1.5,38.0,60.0,60.0,62.0,40.0,40.0
Lamar Stevens,PTS,8.0,19.3,30.0,20.0,68.4,60.0,80.0
Lamar Stevens,REB,6.0,10.5,10.0,20.0,80.7,80.0,80.0
Lamar Stevens,PTS+REBS+ASTS,15.0,12.3,10.0,0.0,80.7,80.0,100.0
Lamar Stevens,FG3M,0.5,38.6,50.0,20.0,61.4,50.0,80.0
Lamar Stevens,PTS+REBS,14.5,15.8,20.0,0.0,84.2,80.0,100.0
Lamar Stevens,TOV,0.5,35.1,10.0,0.0,64.9,90.0,100.0
Immanuel Quickley,PTS,16.5,32.9,60.0,66.7,67.1,40.0,33.3
Immanuel Quickley,PTS+REBS+ASTS,23.5,32.9,50.0,50.0,67.1,50.0,50.0
Isaiah Hartenstein,PTS,5.0,40.3,40.0,66.7,53.2,40.0,16.7
Isaiah Hartenstein,PTS+REBS+ASTS,14.5,36.4,50.0,66.7,63.6,50.0,33.3
Royce O'Neale,PTS,8.5,50.7,60.0,60.0,49.3,40.0,40.0
Royce O'Neale,REB,4.5,52.1,80.0,60.0,47.9,20.0,40.0
Royce O'Neale,AST,2.5,70.4,40.0,40.0,29.6,60.0,60.0
Royce O'Neale,PTS+REBS+ASTS,15.5,62.0,70.0,80.0,38.0,30.0,20.0
Royce O'Neale,PTS+REBS,12.5,57.7,60.0,60.0,42.3,40.0,40.0
Royce O'Neale,PTS+ASTS,10.5,67.6,70.0,80.0,32.4,30.0,20.0
Royce O'Neale,REBS+ASTS,7.0,60.6,70.0,80.0,19.7,10.0,20.0
Royce O'Neale,FTM,0.5,36.6,60.0,60.0,63.4,40.0,40.0
Trae Young,PTS,26.0,50.7,60.0,42.9,44.9,40.0,57.1
Trae Young,AST,9.5,55.1,50.0,57.1,44.9,50.0,42.9
Trae Young,PTS+REBS+ASTS,38.5,60.9,70.0,57.1,39.1,30.0,42.9
Trae Young,FANTASY,43.5,55.1,50.0,28.6,44.9,50.0,71.4
Trae Young,PTS+REBS,29.5,50.7,70.0,57.1,49.3,30.0,42.9
Trae Young,PTS+ASTS,35.5,60.9,70.0,57.1,39.1,30.0,42.9
Trae Young,REBS+ASTS,12.5,52.2,40.0,28.6,47.8,60.0,71.4
Trae Young,FTM,7.5,49.3,40.0,42.9,50.7,60.0,57.1
LeBron James,PTS,26.5,61.2,40.0,0.0,38.8,60.0,100.0
LeBron James,REB,8.0,38.8,40.0,0.0,34.7,30.0,0.0
LeBron James,AST,5.0,67.3,60.0,0.0,20.4,40.0,100.0
LeBron James,PTS+REBS+ASTS,39.5,71.4,50.0,0.0,28.6,50.0,100.0
LeBron James,FANTASY,44.5,69.4,40.0,0.0,30.6,60.0,100.0
LeBron James,PTS+REBS,34.5,63.3,40.0,0.0,36.7,60.0,100.0
LeBron James,PTS+ASTS,31.5,67.3,50.0,0.0,32.7,50.0,100.0
LeBron James,REBS+ASTS,13.5,67.3,50.0,0.0,32.7,50.0,100.0
LeBron James,FTM,5.0,34.7,40.0,50.0,53.1,40.0,50.0
Mikal Bridges,PTS,27.5,15.6,40.0,33.3,84.4,60.0,66.7
Mikal Bridges,REB,4.0,44.2,40.0,50.0,37.7,30.0,33.3
Mikal Bridges,PTS+REBS+ASTS,34.5,23.4,60.0,66.7,76.6,40.0,33.3
Mikal Bridges,FANTASY,38.5,33.8,60.0,66.7,66.2,40.0,33.3
Mikal Bridges,FG3M,2.5,33.8,70.0,66.7,66.2,30.0,33.3
Mikal Bridges,PTS+REBS,31.5,19.5,50.0,50.0,80.5,50.0,50.0
Mikal Bridges,PTS+ASTS,30.5,22.1,60.0,66.7,77.9,40.0,33.3
Mikal Bridges,FTM,6.5,23.4,70.0,66.7,76.6,30.0,33.3
Anthony Davis,PTS,26.0,50.0,50.0,50.0,48.0,40.0,33.3
Anthony Davis,REB,11.5,58.0,40.0,16.7,42.0,60.0,83.3
Anthony Davis,PTS+REBS+ASTS,39.5,60.0,50.0,50.0,40.0,50.0,50.0
Anthony Davis,FANTASY,48.5,60.0,50.0,33.3,40.0,50.0,66.7
Anthony Davis,PTS+REBS,37.5,54.0,40.0,33.3,46.0,60.0,66.7
Anthony Davis,PTS+ASTS,28.5,48.0,60.0,66.7,52.0,40.0,33.3
Anthony Davis,REBS+ASTS,14.0,52.0,40.0,16.7,38.0,40.0,50.0
Anthony Davis,FTM,6.5,42.0,60.0,66.7,58.0,40.0,33.3
Anthony Davis,BLK+STL,2.5,58.0,40.0,33.3,42.0,60.0,66.7
Anthony Edwards,PTS,25.5,54.1,60.0,25.0,45.9,40.0,75.0
Anthony Edwards,REB,5.0,54.1,40.0,0.0,32.4,40.0,75.0
Anthony Edwards,AST,4.0,51.4,50.0,50.0,40.5,50.0,50.0
Anthony Edwards,PTS+REBS+ASTS,35.5,51.4,60.0,25.0,48.6,40.0,75.0
Anthony Edwards,FANTASY,41.5,51.4,40.0,25.0,48.6,60.0,75.0
Anthony Edwards,FG3M,2.5,50.0,50.0,25.0,50.0,50.0,75.0
Anthony Edwards,PTS+REBS,31.5,50.0,40.0,0.0,50.0,60.0,100.0
Anthony Edwards,PTS+ASTS,30.5,51.4,60.0,25.0,48.6,40.0,75.0
Anthony Edwards,REBS+ASTS,9.5,52.7,40.0,25.0,47.3,60.0,75.0
Anthony Edwards,FTM,3.5,50.0,40.0,25.0,50.0,60.0,75.0
Anthony Edwards,BLK,0.5,47.3,40.0,25.0,52.7,60.0,75.0
Anthony Edwards,TOV,2.5,66.2,50.0,25.0,33.8,50.0,75.0
Dejounte Murray,PTS,19.5,53.6,40.0,60.0,46.4,60.0,40.0
Dejounte Murray,REB,5.0,42.0,30.0,40.0,37.7,60.0,60.0
Dejounte Murray,AST,5.0,55.1,70.0,80.0,30.4,20.0,0.0
Dejounte Murray,PTS+REBS+ASTS,30.5,58.0,40.0,60.0,42.0,60.0,40.0
Dejounte Murray,FANTASY,36.5,56.5,60.0,60.0,43.5,40.0,40.0
Dejounte Murray,PTS+REBS,25.5,52.2,30.0,40.0,47.8,70.0,60.0
Dejounte Murray,PTS+ASTS,25.5,49.3,40.0,60.0,50.7,60.0,40.0
Dejounte Murray,REBS+ASTS,10.5,60.9,60.0,80.0,39.1,40.0,20.0
Dejounte Murray,FTM,2.5,37.7,50.0,60.0,62.3,50.0,40.0
D'Angelo Russell,PTS,17.5,53.0,60.0,50.0,47.0,40.0,50.0
D'Angelo Russell,REB,2.5,57.6,50.0,25.0,42.4,50.0,75.0
D'Angelo Russell,AST,5.0,63.6,70.0,75.0,27.3,30.0,25.0
D'Angelo Russell,PTS+REBS+ASTS,25.5,59.1,50.0,25.0,40.9,50.0,75.0
D'Angelo Russell,FANTASY,29.5,66.7,80.0,75.0,33.3,20.0,25.0
D'Angelo Russell,FG3M,2.5,53.0,70.0,50.0,47.0,30.0,50.0
D'Angelo Russell,PTS+REBS,20.5,53.0,60.0,50.0,47.0,40.0,50.0
D'Angelo Russell,PTS+ASTS,22.5,54.5,60.0,50.0,45.5,40.0,50.0
D'Angelo Russell,FTM,2.5,39.4,50.0,25.0,60.6,50.0,75.0
Spencer Dinwiddie,PTS,19.5,43.2,30.0,33.3,56.8,70.0,66.7
Spencer Dinwiddie,AST,9.0,13.5,70.0,66.7,81.1,20.0,16.7
Spencer Dinwiddie,PTS+REBS+ASTS,32.5,28.4,60.0,50.0,71.6,40.0,50.0
Spencer Dinwiddie,FANTASY,38.5,29.7,70.0,50.0,70.3,30.0,50.0
Spencer Dinwiddie,PTS+REBS,23.5,40.5,40.0,50.0,59.5,60.0,50.0
Spencer Dinwiddie,PTS+ASTS,28.5,28.4,50.0,50.0,71.6,50.0,50.0
Spencer Dinwiddie,REBS+ASTS,13.5,16.2,70.0,66.7,83.8,30.0,33.3
Spencer Dinwiddie,FTM,3.5,44.6,60.0,50.0,55.4,40.0,50.0
Clint Capela,PTS,11.5,58.3,60.0,71.4,41.7,40.0,28.6
Clint Capela,REB,11.0,45.0,40.0,57.1,48.3,60.0,42.9
Clint Capela,PTS+REBS+ASTS,23.5,50.0,50.0,71.4,50.0,50.0,28.6
Clint Capela,FANTASY,29.5,53.3,50.0,57.1,46.7,50.0,42.9
Clint Capela,PTS+ASTS,12.5,53.3,50.0,71.4,46.7,50.0,28.6
Clint Capela,REBS+ASTS,12.0,40.0,40.0,57.1,46.7,50.0,28.6
Nicolas Claxton,PTS,12.5,46.5,60.0,66.7,53.5,40.0,33.3
Nicolas Claxton,REB,9.5,43.7,40.0,33.3,56.3,60.0,66.7
Nicolas Claxton,PTS+REBS+ASTS,24.5,40.8,60.0,50.0,59.2,40.0,50.0
Nicolas Claxton,FANTASY,35.5,50.7,70.0,83.3,49.3,30.0,16.7
Nicolas Claxton,PTS+REBS,22.5,47.9,60.0,50.0,52.1,40.0,50.0
Nicolas Claxton,PTS+ASTS,14.5,45.1,60.0,66.7,54.9,40.0,33.3
Nicolas Claxton,REBS+ASTS,12.0,35.2,30.0,16.7,54.9,50.0,66.7
Mike Conley,PTS,12.5,43.5,50.0,57.1,56.5,50.0,42.9
Mike Conley,AST,5.5,71.0,50.0,42.9,29.0,50.0,57.1
Mike Conley,PTS+REBS+ASTS,21.5,45.2,50.0,42.9,54.8,50.0,57.1
Mike Conley,FANTASY,26.5,50.0,40.0,28.6,50.0,60.0,71.4
Mike Conley,PTS+REBS,15.5,40.3,70.0,71.4,59.7,30.0,28.6
Mike Conley,PTS+ASTS,18.5,45.2,50.0,57.1,54.8,50.0,42.9
Mike Conley,FTM,1.5,43.5,60.0,71.4,56.5,40.0,28.6
Austin Reaves,PTS,14.0,39.7,60.0,66.7,58.6,30.0,33.3
Austin Reaves,AST,4.0,27.6,80.0,83.3,65.5,10.0,16.7
Austin Reaves,PTS+REBS+ASTS,22.0,37.9,90.0,100.0,60.3,10.0,0.0
Austin Reaves,FANTASY,25.5,34.5,70.0,83.3,65.5,30.0,16.7
Austin Reaves,PTS+REBS,18.0,34.5,60.0,66.7,58.6,30.0,33.3
Austin Reaves,PTS+ASTS,18.5,36.2,80.0,83.3,63.8,20.0,16.7
Austin Reaves,STL,0.5,48.3,50.0,50.0,51.7,50.0,50.0
Austin Reaves,TOV,1.5,48.3,60.0,66.7,51.7,40.0,33.3
Cameron Johnson,PTS,16.5,37.8,30.0,33.3,62.2,70.0,66.7
Cameron Johnson,PTS+REBS+ASTS,23.5,35.1,30.0,33.3,64.9,70.0,66.7
Cameron Johnson,FANTASY,28.5,43.2,40.0,50.0,56.8,60.0,50.0
Cameron Johnson,FG3M,2.5,37.8,30.0,33.3,62.2,70.0,66.7
Cameron Johnson,PTS+REBS,21.5,37.8,40.0,33.3,62.2,60.0,66.7
Cameron Johnson,PTS+ASTS,18.5,43.2,40.0,50.0,56.8,60.0,50.0
Cameron Johnson,FTM,2.5,35.1,50.0,50.0,64.9,50.0,50.0
Rudy Gobert,PTS,13.5,55.4,70.0,57.1,44.6,30.0,42.9
Rudy Gobert,REB,12.0,44.6,50.0,57.1,44.6,30.0,14.3
Rudy Gobert,PTS+REBS+ASTS,27.5,44.6,50.0,57.1,55.4,50.0,42.9
Rudy Gobert,FANTASY,34.5,49.2,60.0,57.1,50.8,40.0,42.9
Rudy Gobert,PTS+REBS,25.5,49.2,50.0,57.1,50.8,50.0,42.9
Rudy Gobert,PTS+ASTS,15.5,55.4,70.0,57.1,44.6,30.0,42.9
Rudy Gobert,REBS+ASTS,13.5,47.7,70.0,85.7,52.3,30.0,14.3
Rudy Gobert,FTM,3.0,41.5,60.0,71.4,43.1,30.0,28.6
Rudy Gobert,TOV,1.5,52.3,50.0,71.4,47.7,50.0,28.6
John Collins,PTS,11.5,57.6,60.0,85.7,42.4,40.0,14.3
John Collins,REB,5.5,53.0,50.0,57.1,47.0,50.0,42.9
John Collins,PTS+REBS+ASTS,18.5,60.6,80.0,100.0,39.4,20.0,0.0
John Collins,FANTASY,23.5,59.1,70.0,71.4,40.9,30.0,28.6
John Collins,PTS+REBS,17.5,60.6,80.0,100.0,39.4,20.0,0.0
John Collins,PTS+ASTS,12.5,59.1,60.0,85.7,40.9,40.0,14.3
John Collins,FTM,1.5,51.5,30.0,28.6,48.5,70.0,71.4
Dorian Finney-Smith,PTS,7.5,45.2,30.0,16.7,54.8,70.0,83.3
Dorian Finney-Smith,REB,4.5,50.0,60.0,66.7,50.0,40.0,33.3
Dorian Finney-Smith,PTS+REBS,11.5,54.8,40.0,16.7,45.2,60.0,83.3
Jalen Green,PTS,23.5,40.8,50.0,50.0,59.2,50.0,50.0
Jalen Green,AST,3.5,47.9,50.0,62.5,52.1,50.0,37.5
Jalen Green,PTS+REBS+ASTS,30.5,45.1,50.0,50.0,54.9,50.0,50.0
Jalen Green,FANTASY,33.5,40.8,50.0,50.0,59.2,50.0,50.0
Jalen Green,PTS+REBS,26.5,49.3,50.0,50.0,50.7,50.0,50.0
Jalen Green,PTS+ASTS,27.5,38.0,50.0,50.0,62.0,50.0,50.0
Jalen Green,FTM,4.5,50.7,50.0,50.0,49.3,50.0,50.0
Jaden Ivey,PTS,20.0,16.2,30.0,40.0,80.9,60.0,40.0
Jaden Ivey,AST,6.0,22.1,50.0,60.0,61.8,30.0,40.0
Jaden Ivey,PTS+REBS+ASTS,30.5,23.5,50.0,60.0,76.5,50.0,40.0
Jaden Ivey,FANTASY,34.0,23.5,40.0,40.0,76.5,60.0,60.0
Jaden Ivey,PTS+REBS,23.5,23.5,30.0,40.0,76.5,70.0,60.0
Jaden Ivey,PTS+ASTS,26.5,17.6,40.0,60.0,82.4,60.0,40.0
Jaden Ivey,REBS+ASTS,9.5,36.8,50.0,60.0,63.2,50.0,40.0
Jaden Ivey,FTM,3.5,47.1,60.0,40.0,52.9,40.0,60.0
Kevin Porter Jr.,PTS,19.5,45.5,60.0,62.5,54.5,40.0,37.5
Kevin Porter Jr.,REB,5.5,49.1,50.0,37.5,50.9,50.0,62.5
Kevin Porter Jr.,AST,6.0,32.7,30.0,25.0,52.7,40.0,50.0
Kevin Porter Jr.,PTS+REBS+ASTS,31.5,43.6,60.0,50.0,56.4,40.0,50.0
Kevin Porter Jr.,FANTASY,37.5,45.5,50.0,37.5,54.5,50.0,62.5
Kevin Porter Jr.,PTS+REBS,24.5,43.6,50.0,50.0,56.4,50.0,50.0
Kevin Porter Jr.,PTS+ASTS,25.5,45.5,70.0,62.5,54.5,30.0,37.5
Kevin Porter Jr.,FTM,3.5,38.2,50.0,62.5,61.8,50.0,37.5
Kevin Porter Jr.,BLK+STL,1.5,49.1,50.0,50.0,50.9,50.0,50.0
Marvin Bagley III,PTS,14.5,31.6,40.0,40.0,68.4,60.0,60.0
Marvin Bagley III,REB,7.5,39.5,50.0,60.0,60.5,50.0,40.0
Marvin Bagley III,PTS+REBS+ASTS,22.5,34.2,50.0,60.0,65.8,50.0,40.0
Marvin Bagley III,FANTASY,27.5,28.9,30.0,40.0,71.1,70.0,60.0
Marvin Bagley III,FG3M,0.5,28.9,40.0,60.0,71.1,60.0,40.0
Marvin Bagley III,PTS+REBS,21.5,31.6,40.0,60.0,68.4,60.0,40.0
Marvin Bagley III,PTS+ASTS,15.5,31.6,50.0,60.0,68.4,50.0,40.0
Marvin Bagley III,REBS+ASTS,8.5,42.1,60.0,60.0,57.9,40.0,40.0
Alperen Sengun,PTS,14.5,48.6,30.0,42.9,51.4,70.0,57.1
Alperen Sengun,REB,9.5,34.3,20.0,28.6,65.7,80.0,71.4
Alperen Sengun,PTS+REBS+ASTS,28.5,41.4,30.0,42.9,58.6,70.0,57.1
Alperen Sengun,FANTASY,34.0,41.4,40.0,42.9,58.6,60.0,57.1
Alperen Sengun,PTS+REBS,24.5,44.3,30.0,42.9,55.7,70.0,57.1
Alperen Sengun,PTS+ASTS,18.5,44.3,30.0,28.6,55.7,70.0,71.4
Alperen Sengun,REBS+ASTS,13.5,37.1,20.0,14.3,62.9,80.0,85.7
Alperen Sengun,FTM,1.5,62.9,40.0,42.9,37.1,60.0,57.1
James Wiseman,PTS,14.5,17.9,40.0,20.0,82.1,60.0,80.0
James Wiseman,REB,8.0,28.2,70.0,40.0,71.8,30.0,60.0
James Wiseman,PTS+REBS+ASTS,22.5,28.2,70.0,40.0,71.8,30.0,60.0
James Wiseman,FANTASY,25.5,20.5,50.0,20.0,79.5,50.0,80.0
James Wiseman,PTS+REBS,22.5,23.1,60.0,40.0,76.9,40.0,60.0
James Wiseman,PTS+ASTS,14.5,28.2,70.0,60.0,71.8,30.0,40.0
James Wiseman,REBS+ASTS,8.5,30.8,70.0,40.0,69.2,30.0,60.0
James Wiseman,FTM,1.5,38.5,50.0,40.0,61.5,50.0,60.0
James Wiseman,TOV,1.5,41.0,50.0,40.0,59.0,50.0,60.0
Jabari Smith Jr.,PTS,14.5,31.1,50.0,37.5,68.9,50.0,62.5
Jabari Smith Jr.,REB,8.0,33.8,40.0,37.5,51.4,40.0,37.5
Jabari Smith Jr.,PTS+REBS+ASTS,25.0,27.0,50.0,50.0,66.2,40.0,50.0
Jabari Smith Jr.,FANTASY,29.0,35.1,50.0,50.0,64.9,50.0,50.0
Jabari Smith Jr.,PTS+REBS,22.5,35.1,60.0,50.0,64.9,40.0,50.0
Jabari Smith Jr.,PTS+ASTS,16.5,28.4,60.0,50.0,71.6,40.0,50.0
Jabari Smith Jr.,REBS+ASTS,9.5,35.1,40.0,37.5,64.9,60.0,62.5
Jabari Smith Jr.,FTM,1.5,59.5,50.0,50.0,40.5,50.0,50.0
Jabari Smith Jr.,BLK+STL,1.5,43.2,50.0,50.0,56.8,50.0,50.0
Killian Hayes,PTS,13.5,28.6,40.0,40.0,71.4,60.0,60.0
Killian Hayes,AST,7.0,28.6,30.0,20.0,58.6,40.0,60.0
Killian Hayes,PTS+REBS+ASTS,23.5,31.4,40.0,40.0,68.6,60.0,60.0
Killian Hayes,FANTASY,30.5,32.9,50.0,60.0,67.1,50.0,40.0
Killian Hayes,PTS+REBS,16.5,32.9,60.0,80.0,67.1,40.0,20.0
Killian Hayes,PTS+ASTS,20.5,30.0,50.0,40.0,70.0,50.0,60.0
Killian Hayes,FTM,0.5,47.1,60.0,60.0,52.9,40.0,40.0
Ja Morant,PTS,27.5,43.9,20.0,25.0,56.1,80.0,75.0
Ja Morant,REB,6.0,40.4,40.0,0.0,54.4,60.0,100.0
Ja Morant,AST,7.5,57.9,50.0,50.0,42.1,50.0,50.0
Ja Morant,PTS+REBS+ASTS,40.5,50.9,30.0,25.0,49.1,70.0,75.0
Ja Morant,FANTASY,47.5,49.1,30.0,25.0,50.9,70.0,75.0
Ja Morant,FG3M,1.5,45.6,20.0,25.0,54.4,80.0,75.0
Ja Morant,PTS+REBS,33.5,49.1,20.0,25.0,50.9,80.0,75.0
Ja Morant,PTS+ASTS,35.5,52.6,30.0,25.0,47.4,70.0,75.0
Ja Morant,REBS+ASTS,13.5,45.6,40.0,0.0,54.4,60.0,100.0
Ja Morant,FTM,6.5,45.6,60.0,50.0,54.4,40.0,50.0
Kawhi Leonard,PTS,25.5,42.6,40.0,20.0,57.4,60.0,80.0
Kawhi Leonard,REB,7.0,31.9,30.0,0.0,51.1,50.0,80.0
Kawhi Leonard,AST,4.0,34.0,40.0,60.0,34.0,30.0,20.0
Kawhi Leonard,PTS+REBS+ASTS,37.5,38.3,50.0,20.0,61.7,50.0,80.0
Kawhi Leonard,FANTASY,44.5,40.4,50.0,20.0,57.4,50.0,80.0
Kawhi Leonard,PTS+REBS,32.5,42.6,50.0,20.0,57.4,50.0,80.0
Kawhi Leonard,PTS+ASTS,30.5,42.6,40.0,20.0,57.4,60.0,80.0
Kawhi Leonard,REBS+ASTS,11.5,34.0,50.0,40.0,66.0,50.0,60.0
Kawhi Leonard,FTM,5.5,34.0,40.0,0.0,66.0,60.0,100.0
Desmond Bane,PTS,21.5,45.3,60.0,57.1,54.7,40.0,42.9
Desmond Bane,REB,4.5,54.7,40.0,28.6,45.3,60.0,71.4
Desmond Bane,PTS+REBS+ASTS,29.5,56.6,80.0,85.7,43.4,20.0,14.3
Desmond Bane,FANTASY,34.5,54.7,60.0,57.1,45.3,40.0,42.9
Desmond Bane,PTS+REBS,25.5,50.9,70.0,71.4,49.1,30.0,28.6
Desmond Bane,PTS+ASTS,25.5,52.8,80.0,85.7,47.2,20.0,14.3
Desmond Bane,REBS+ASTS,8.5,56.6,50.0,42.9,43.4,50.0,57.1
Desmond Bane,FTM,2.0,50.9,50.0,42.9,35.8,40.0,42.9
Desmond Bane,BLK+STL,1.5,35.8,30.0,42.9,64.2,70.0,57.1
Jaren Jackson Jr.,PTS,17.5,48.3,60.0,71.4,51.7,40.0,28.6
Jaren Jackson Jr.,REB,7.0,37.9,40.0,42.9,44.8,30.0,28.6
Jaren Jackson Jr.,PTS+REBS+ASTS,25.5,46.6,70.0,85.7,53.4,30.0,14.3
Jaren Jackson Jr.,FANTASY,35.5,60.3,70.0,85.7,39.7,30.0,14.3
Jaren Jackson Jr.,PTS+REBS,24.5,50.0,70.0,85.7,50.0,30.0,14.3
Jaren Jackson Jr.,PTS+ASTS,18.5,46.6,60.0,71.4,53.4,40.0,28.6
Jaren Jackson Jr.,REBS+ASTS,7.5,55.2,60.0,71.4,44.8,40.0,28.6
Jaren Jackson Jr.,FTM,4.0,37.9,40.0,42.9,50.0,40.0,28.6
Jaren Jackson Jr.,TOV,1.5,51.7,60.0,71.4,48.3,40.0,28.6
Dillon Brooks,PTS,11.5,58.0,50.0,57.1,42.0,50.0,42.9
Dillon Brooks,PTS+REBS,15.0,58.0,50.0,57.1,36.2,50.0,42.9
Dillon Brooks,PTS+ASTS,14.5,55.1,50.0,57.1,44.9,50.0,42.9
Dillon Brooks,FTM,0.5,66.7,70.0,71.4,33.3,30.0,28.6
Xavier Tillman,PTS,9.5,28.1,50.0,62.5,71.9,50.0,37.5
Xavier Tillman,REB,6.5,31.6,40.0,50.0,68.4,60.0,50.0
Xavier Tillman,PTS+REBS+ASTS,18.5,29.8,50.0,62.5,70.2,50.0,37.5
Xavier Tillman,FANTASY,24.5,35.1,50.0,50.0,64.9,50.0,50.0
Xavier Tillman,PTS+REBS,16.5,28.1,50.0,62.5,71.9,50.0,37.5
Xavier Tillman,PTS+ASTS,11.5,29.8,50.0,62.5,70.2,50.0,37.5
Xavier Tillman,FTM,0.5,45.6,60.0,62.5,54.4,40.0,37.5
Xavier Tillman,BLK+STL,1.5,43.9,60.0,62.5,56.1,40.0,37.5
De'Aaron Fox,PTS,22.5,63.2,40.0,33.3,36.8,60.0,66.7
De'Aaron Fox,REB,3.5,63.2,50.0,33.3,36.8,50.0,66.7
De'Aaron Fox,AST,5.5,57.4,50.0,66.7,42.6,50.0,33.3
De'Aaron Fox,PTS+REBS+ASTS,31.5,64.7,40.0,33.3,35.3,60.0,66.7
De'Aaron Fox,FANTASY,39.5,55.9,30.0,33.3,44.1,70.0,66.7
De'Aaron Fox,FG3M,1.5,50.0,70.0,50.0,50.0,30.0,50.0
De'Aaron Fox,PTS+REBS,26.5,60.3,40.0,33.3,39.7,60.0,66.7
De'Aaron Fox,PTS+ASTS,27.5,63.2,40.0,33.3,36.8,60.0,66.7
De'Aaron Fox,FTM,4.0,42.6,20.0,16.7,38.2,40.0,50.0
De'Aaron Fox,BLK+STL,1.5,44.1,50.0,33.3,55.9,50.0,66.7
Domantas Sabonis,PTS,17.5,62.2,50.0,42.9,37.8,50.0,57.1
Domantas Sabonis,REB,11.5,55.4,70.0,57.1,44.6,30.0,42.9
Domantas Sabonis,AST,6.5,60.8,70.0,71.4,39.2,30.0,28.6
Domantas Sabonis,PTS+REBS+ASTS,35.5,66.2,80.0,71.4,33.8,20.0,28.6
Domantas Sabonis,FANTASY,41.5,66.2,80.0,71.4,33.8,20.0,28.6
Domantas Sabonis,PTS+REBS,29.5,62.2,70.0,57.1,37.8,30.0,42.9
Domantas Sabonis,PTS+ASTS,23.5,68.9,70.0,57.1,31.1,30.0,42.9
Domantas Sabonis,REBS+ASTS,18.5,56.8,70.0,57.1,43.2,30.0,42.9
Domantas Sabonis,FTM,3.5,52.7,40.0,42.9,47.3,60.0,57.1
Shaedon Sharpe,PTS,22.5,5.3,40.0,57.1,94.7,60.0,42.9
Shaedon Sharpe,REB,5.0,8.0,30.0,42.9,89.3,60.0,42.9
Shaedon Sharpe,AST,4.0,1.3,10.0,14.3,96.0,90.0,85.7
Shaedon Sharpe,PTS+REBS+ASTS,31.5,4.0,30.0,42.9,96.0,70.0,57.1
Shaedon Sharpe,FANTASY,35.5,4.0,20.0,28.6,96.0,80.0,71.4
Shaedon Sharpe,PTS+REBS,27.5,5.3,40.0,57.1,94.7,60.0,42.9
Shaedon Sharpe,PTS+ASTS,26.5,4.0,30.0,42.9,96.0,70.0,57.1
Shaedon Sharpe,TOV,2.5,10.7,40.0,42.9,89.3,60.0,57.1
Harrison Barnes,PTS,13.5,52.6,60.0,57.1,47.4,40.0,42.9
Harrison Barnes,REB,4.5,48.7,50.0,57.1,51.3,50.0,42.9
Harrison Barnes,PTS+REBS+ASTS,19.5,56.6,50.0,57.1,43.4,50.0,42.9
Harrison Barnes,FANTASY,23.5,55.3,40.0,57.1,44.7,60.0,42.9
Harrison Barnes,PTS+REBS,17.5,55.3,60.0,57.1,44.7,40.0,42.9
Harrison Barnes,PTS+ASTS,14.5,55.3,50.0,57.1,44.7,50.0,42.9
Harrison Barnes,FTM,3.5,57.9,70.0,71.4,42.1,30.0,28.6
Harrison Barnes,BLK+STL,0.5,56.6,10.0,14.3,43.4,90.0,85.7
Nassir Little,PTS,14.5,5.7,10.0,20.0,94.3,90.0,80.0
Nassir Little,REB,4.0,17.0,20.0,20.0,75.5,80.0,80.0
Nassir Little,PTS+REBS+ASTS,21.5,5.7,10.0,20.0,94.3,90.0,80.0
Nassir Little,FANTASY,25.5,5.7,10.0,20.0,94.3,90.0,80.0
Nassir Little,PTS+REBS,19.5,5.7,10.0,20.0,94.3,90.0,80.0
Nassir Little,PTS+ASTS,17.5,3.8,10.0,20.0,96.2,90.0,80.0
Nassir Little,STL,0.5,28.3,30.0,40.0,71.7,70.0,60.0
Nassir Little,TOV,1.5,15.1,40.0,60.0,84.9,60.0,40.0
Drew Eubanks,PTS,9.5,20.3,30.0,42.9,79.7,70.0,57.1
Drew Eubanks,REB,7.0,20.3,30.0,42.9,67.6,50.0,42.9
Drew Eubanks,PTS+REBS+ASTS,19.5,10.8,40.0,57.1,89.2,60.0,42.9
Drew Eubanks,FANTASY,24.5,23.0,40.0,57.1,77.0,60.0,42.9
Drew Eubanks,PTS+REBS,16.5,16.2,30.0,42.9,83.8,70.0,57.1
Drew Eubanks,PTS+ASTS,12.5,10.8,30.0,42.9,89.2,70.0,57.1
Drew Eubanks,REBS+ASTS,9.5,21.6,30.0,42.9,78.4,70.0,57.1
Drew Eubanks,BLK+STL,1.5,45.9,60.0,71.4,54.1,40.0,28.6
Kevin Huerter,PTS,14.5,51.4,60.0,75.0,48.6,40.0,25.0
Kevin Huerter,REB,3.5,41.4,40.0,75.0,58.6,60.0,25.0
Kevin Huerter,PTS+REBS+ASTS,21.5,50.0,60.0,75.0,50.0,40.0,25.0
Kevin Huerter,FANTASY,25.5,51.4,70.0,75.0,48.6,30.0,25.0
Kevin Huerter,FG3M,2.5,52.9,60.0,75.0,47.1,40.0,25.0
Kevin Huerter,PTS+REBS,18.5,51.4,50.0,75.0,48.6,50.0,25.0
Kevin Huerter,PTS+ASTS,17.5,52.9,60.0,75.0,47.1,40.0,25.0
Kevin Huerter,FTM,0.5,55.7,60.0,75.0,44.3,40.0,25.0
Keegan Murray,PTS,11.5,51.4,60.0,85.7,48.6,40.0,14.3
Keegan Murray,REB,5.0,31.1,30.0,28.6,56.8,40.0,28.6
Keegan Murray,FANTASY,22.5,48.6,40.0,57.1,48.6,50.0,42.9
Keegan Murray,PTS+REBS,16.5,50.0,70.0,85.7,50.0,30.0,14.3
Keegan Murray,PTS+ASTS,12.5,52.7,60.0,85.7,47.3,40.0,14.3
Keegan Murray,TOV,0.5,48.6,50.0,28.6,51.4,50.0,71.4
Stephen Curry,PTS,28.5,58.8,60.0,57.1,41.2,40.0,42.9
Stephen Curry,REB,6.0,39.2,50.0,57.1,33.3,20.0,14.3
Stephen Curry,AST,6.5,43.1,30.0,42.9,56.9,70.0,57.1
Stephen Curry,PTS+REBS+ASTS,41.5,51.0,50.0,42.9,49.0,50.0,57.1
Stephen Curry,FANTASY,46.5,47.1,40.0,28.6,52.9,60.0,71.4
Stephen Curry,PTS+REBS,34.5,58.8,60.0,57.1,41.2,40.0,42.9
Stephen Curry,PTS+ASTS,35.5,49.0,40.0,28.6,51.0,60.0,71.4
Stephen Curry,REBS+ASTS,12.5,51.0,40.0,57.1,49.0,60.0,42.9
Stephen Curry,FTM,4.5,51.0,30.0,28.6,49.0,70.0,71.4
Klay Thompson,PTS,21.5,46.2,30.0,14.3,53.8,70.0,85.7
Klay Thompson,PTS+REBS+ASTS,28.0,44.6,40.0,42.9,52.3,50.0,57.1
Klay Thompson,FANTASY,31.5,50.8,30.0,28.6,49.2,70.0,71.4
Klay Thompson,PTS+REBS,25.5,47.7,40.0,42.9,52.3,60.0,57.1
Klay Thompson,PTS+ASTS,23.5,44.6,30.0,14.3,55.4,70.0,85.7
Klay Thompson,FTM,0.5,63.1,50.0,42.9,36.9,50.0,57.1
Draymond Green,PTS,9.5,41.2,50.0,66.7,58.8,50.0,33.3
Draymond Green,REB,7.0,42.6,20.0,0.0,41.2,40.0,33.3
Draymond Green,AST,7.0,32.4,40.0,50.0,48.5,40.0,33.3
Draymond Green,PTS+REBS+ASTS,23.5,48.5,60.0,66.7,51.5,40.0,33.3
Draymond Green,FANTASY,30.5,52.9,70.0,66.7,47.1,30.0,33.3
Draymond Green,PTS+REBS,16.5,48.5,60.0,66.7,51.5,40.0,33.3
Draymond Green,PTS+ASTS,16.5,39.7,50.0,66.7,60.3,50.0,33.3
Draymond Green,REBS+ASTS,14.5,39.7,30.0,33.3,60.3,70.0,66.7
Draymond Green,FTM,0.5,45.6,50.0,50.0,54.4,50.0,50.0
Draymond Green,TOV,2.5,48.5,60.0,66.7,51.5,40.0,33.3
Donte DiVincenzo,PTS,8.0,46.3,60.0,42.9,47.8,40.0,57.1
Donte DiVincenzo,REB,3.5,53.7,40.0,28.6,46.3,60.0,71.4
Donte DiVincenzo,AST,2.5,56.7,50.0,28.6,43.3,50.0,71.4
Donte DiVincenzo,FG3M,1.5,50.7,50.0,28.6,49.3,50.0,71.4
Donte DiVincenzo,PTS+REBS,11.5,53.7,50.0,42.9,46.3,50.0,57.1
Donte DiVincenzo,PTS+ASTS,10.5,53.7,60.0,42.9,46.3,40.0,57.1
Jordan Poole,PTS,20.5,49.4,40.0,57.1,50.6,60.0,42.9
Jordan Poole,AST,4.0,45.5,40.0,28.6,32.5,40.0,57.1
Jordan Poole,PTS+REBS+ASTS,27.5,51.9,30.0,42.9,48.1,70.0,57.1
Jordan Poole,FANTASY,31.5,48.1,30.0,42.9,51.9,70.0,57.1
Jordan Poole,PTS+REBS,23.5,49.4,30.0,42.9,50.6,70.0,57.1
Jordan Poole,PTS+ASTS,24.5,53.2,30.0,28.6,46.8,70.0,71.4
Jordan Poole,REBS+ASTS,7.5,41.6,10.0,14.3,58.4,90.0,85.7
Jordan Poole,FTM,3.5,49.4,50.0,57.1,50.6,50.0,42.9
Jordan Poole,STL,0.5,51.9,50.0,57.1,48.1,50.0,42.9
Jordan Poole,TOV,2.5,66.2,60.0,42.9,33.8,40.0,57.1
Devin Booker,PTS,27.5,51.0,80.0,83.3,49.0,20.0,16.7
Devin Booker,REB,4.0,46.9,40.0,50.0,30.6,40.0,50.0
Devin Booker,AST,5.0,40.8,10.0,0.0,30.6,40.0,16.7
Devin Booker,PTS+REBS+ASTS,36.5,59.2,80.0,83.3,40.8,20.0,16.7
Devin Booker,FANTASY,41.5,51.0,60.0,66.7,49.0,40.0,33.3
Devin Booker,PTS+REBS,31.5,53.1,70.0,83.3,46.9,30.0,16.7
Devin Booker,PTS+ASTS,33.5,49.0,60.0,83.3,51.0,40.0,16.7
Devin Booker,REBS+ASTS,9.5,53.1,40.0,50.0,46.9,60.0,50.0
Devin Booker,FTM,6.0,34.7,70.0,100.0,57.1,30.0,0.0
Kevin Durant,PTS,23.0,79.1,50.0,0.0,14.0,30.0,100.0
Kevin Durant,REB,6.0,51.2,50.0,100.0,39.5,40.0,0.0
Kevin Durant,PTS+REBS+ASTS,33.0,81.4,60.0,0.0,14.0,40.0,100.0
Kevin Durant,FANTASY,39.0,83.7,60.0,0.0,16.3,40.0,100.0
Kevin Durant,PTS+REBS,28.5,83.7,60.0,0.0,16.3,40.0,100.0
Kevin Durant,PTS+ASTS,26.5,83.7,60.0,0.0,16.3,40.0,100.0
Kevin Durant,REBS+ASTS,10.5,53.5,50.0,100.0,46.5,50.0,0.0
Kevin Durant,FTM,5.0,55.8,50.0,0.0,34.9,40.0,100.0
Kevin Durant,BLK+STL,1.5,69.8,60.0,0.0,30.2,40.0,100.0
Chris Paul,PTS,12.5,58.2,70.0,83.3,41.8,30.0,16.7
Chris Paul,AST,9.0,45.5,50.0,50.0,43.6,50.0,50.0
Chris Paul,PTS+REBS+ASTS,25.5,60.0,60.0,66.7,40.0,40.0,33.3
Chris Paul,FANTASY,35.5,56.4,50.0,66.7,43.6,50.0,33.3
Chris Paul,PTS+REBS,16.5,60.0,70.0,83.3,40.0,30.0,16.7
Chris Paul,PTS+ASTS,21.5,60.0,70.0,66.7,40.0,30.0,33.3
Chris Paul,REBS+ASTS,13.0,47.3,40.0,33.3,36.4,50.0,50.0
Chris Paul,FTM,1.5,60.0,60.0,66.7,40.0,40.0,33.3
Chris Paul,STL,1.5,49.1,50.0,50.0,50.9,50.0,50.0
Deandre Ayton,PTS,14.5,63.5,50.0,0.0,36.5,50.0,100.0
Deandre Ayton,REB,8.5,57.1,40.0,0.0,42.9,60.0,100.0
Deandre Ayton,PTS+REBS+ASTS,24.5,66.7,40.0,0.0,33.3,60.0,100.0
Deandre Ayton,FANTASY,28.5,66.7,40.0,0.0,33.3,60.0,100.0
Deandre Ayton,PTS+REBS,23.5,68.3,50.0,0.0,31.7,50.0,100.0
Deandre Ayton,PTS+ASTS,15.5,69.8,50.0,0.0,30.2,50.0,100.0
Deandre Ayton,REBS+ASTS,9.5,61.9,50.0,0.0,38.1,50.0,100.0
Deandre Ayton,FTM,2.5,34.9,40.0,50.0,65.1,60.0,50.0
Deandre Ayton,STL,0.5,44.4,50.0,50.0,55.6,50.0,50.0
Patrick Williams,FTM,0.5,51.3,40.0,50.0,48.7,60.0,50.0
Coby White,FTM,0.5,39.7,40.0,50.0,60.3,60.0,50.0
Ricky Rubio,FTM,0.5,42.9,50.0,60.0,57.1,50.0,40.0
Mitchell Robinson,FTM,0.5,49.1,50.0,50.0,50.9,50.0,50.0
Bogdan Bogdanovic,FTM,0.5,50.0,50.0,42.9,50.0,50.0,57.1
Ivica Zubac,FTM,1.5,62.0,60.0,57.1,38.0,40.0,42.9
Santi Aldama,FTM,0.5,54.8,60.0,50.0,45.2,40.0,50.0
